0	mean	std
rs3131972_A	0.2508896348526293	-1.7210068852956912
1:840327_G_A_A	-0.2304315151882162	0.3098171206535051
rs4970382_T	-2.5215853379260005	-1.2820828727123672
1:846808_C_T_C	-0.9129040299366703	0.7026577117889389
Affx-15447216_C	1.2838814651417856	-0.23721915288475226
rs3748597_T	0.551890839932515	-1.3246223568208944
1:910473_G_A_A	-0.3996360476268569	0.5229671161387707
1:919419_T_C_C	-1.3025165291924177	-1.9498812759418365
1:919855_G_A_G	1.0306237252228938	-0.09710211909286015
rs78164078_G	-0.5409565239242683	1.1029593516483804
1:931548_G_T_G	-0.2268876445505656	0.10552961937065025
1:932457_G_A_G	0.6296901525072449	1.103238776225768
1:943687_G_C_G	-0.14699301786897326	0.7788846590858651
1:944564_T_C_C	-1.1307073611191858	-0.09562472308531053
Affx-15871198_G	0.6355411297686764	0.41231344693424776
rs9442373_C	1.591582786814358	0.5906150662855768
rs4072537_C	-1.3068036450753864	0.49379154998630226
1:1110070_G_A_A	0.11308419459721666	0.20115991453931326
1:1113121_G_A_A	-0.08884307066853256	-0.5958034241690433
1:1122539_A_G_G	0.2339533259661181	-2.088774799782307
1:1122916_A_G_G	-2.152599332012097	1.6094202913806104
1:1122937_G_A_G	0.27314100793163243	-0.17661245873851628
1:1124819_C_T_C	-0.5743919304106775	0.03305041926228109
1:1125220_C_T_T	-0.6454950343766236	0.9131883568283834
1:1127101_C_A_C	0.7049695838736788	-2.022633702664796
1:1129122_G_C_G	-0.488019898458582	0.36930768365078415
1:1129789_G_C_G	0.6014721402078462	-1.547390889730746
rs12060422_G	-1.977172304074556	-0.8105609510882626
1:1130727_A_C_C	0.2308977817550812	0.579966027192939
1:1130855_T_C_T	-0.9408258921950761	0.005637749295114344
1:1131236_G_T_T	0.6528084370946131	-0.0159870803426386
1:1156735_T_C_T	-0.4260822900145418	0.2497273394773398
1:1157340_A_G_A	0.8930012557476987	-0.45381629125125467
1:1157372_G_A_G	0.46826815620597106	1.1707984439357342
1:1157547_T_C_T	-0.2546315635864076	-0.49338059547378427
1:1157564_G_A_A	-1.2081384798364632	-0.24120529791249523
1:1157625_C_T_T	-0.03941153079213815	1.8035516007435275
1:1157631_G_A_A	0.9244670050695156	0.29949459322242916
1:1157684_C_T_T	-0.7772647604159714	-0.44149912571753547
1:1157705_C_G_G	1.2530842692957926	0.6307722111170646
1:1157834_C_T_C	-0.23692880905612076	-0.9747238949867346
1:1157862_C_T_C	0.36680664333212826	-0.4228673127070582
1:1157959_C_T_C	-0.1287223320853579	0.011633989081753534
1:1157960_T_C_T	0.13072787021702476	-1.0425628011930113
1:1157974_A_G_G	0.014969680191454537	0.7308630270208061
1:1157991_G_A_A	-0.8905951638126142	-0.055014863671825676
1:1158020_A_C_A	0.21930949831958185	0.8691336978727194
1:1158277_G_A_G	-0.25193064871783816	2.112263225766618
1:1158326_G_A_A	-0.8907499825141205	-1.0514265079447593
1:1158357_A_G_G	-0.576828555441705	-0.8164773222180145
1:1158948_A_G_A	-1.8375051659592543	0.4631024391592638
1:1158973_A_T_T	-0.7670606772935487	-0.2219075125026971
1:1158975_A_C_A	-0.10648373720511937	-1.8320368292612175
1:1159020_A_G_G	-0.7701268254869886	-0.03368696401505002
rs77472198_C	0.16560151038604495	0.010296772981417658
1:1159062_T_C_T	0.43498709670318547	1.699873809499886
1:1159107_G_A_A	0.960838113623447	-0.2827130305885518
1:1159729_T_G_T	-0.08361992441204669	-1.3777204196448973
1:1160224_C_T_T	-0.6745641511651552	1.0750683326017765
1:1160226_A_G_A	-0.39910450540925735	-0.8236476035142211
1:1160665_G_A_A	-0.04956975550927645	-2.055678818924215
1:1160809_T_C_T	0.9925961814194334	1.5970503977556654
1:1161362_A_G_A	2.8084174392544163	0.567833382460826
1:1161641_G_A_G	-0.740268975952182	-0.6286772557249006
1:1161717_C_T_T	0.48100406042452143	-0.906198182146375
1:1161755_G_A_G	0.7592278867484474	-0.091315970285502
1:1161756_G_T_G	0.1269007985466573	0.3313068528129765
1:1161780_C_T_C	0.07235108960172032	1.0250750915717224
1:1162281_G_A_A	0.3266245115944468	-1.3556079286531644
1:1162435_C_A_C	-0.6440169607802583	-0.7642993050947346
1:1163172_T_C_T	0.12663177381496854	-0.3560945365722456
1:1163355_T_C_C	0.6437815238693267	-0.9449505060139229
1:1163449_T_C_T	-2.036395854367906	0.7033522241876371
1:1164540_G_T_T	1.0658302883651478	0.047673368603503775
1:1164687_G_C_G	-0.4174564548396216	-0.53648890134551
1:1165361_A_G_A	2.6006207988483676	-0.4199757261548856
1:1165471_T_C_T	0.6444907358102275	-0.6698857856206798
1:1165725_A_G_G	-0.16059823510376467	0.1336094060624448
1:1165821_T_C_T	-0.41107038075350594	-0.1544895111297497
1:1166075_G_A_G	1.401977642417681	-0.8981551703720178
1:1166177_G_C_C	-0.9841487613333327	0.6025437149277567
1:1166205_C_T_T	0.04743728727353476	0.4127446742147619
1:1521097_C_A_C	-1.8456167805700359	-0.0010734093526239736
rs6604983_A	-0.9882996282937879	0.39366987374230783
1:1695742_C_T_C	0.4252868815676799	1.017860917161942
1:1699201_C_A_A	2.0471622123448174	0.9769257282346372
1:1700631_C_T_T	-0.14870890540207235	1.1606360442035233
1:1704654_C_A_A	-1.7836204754329945	-0.4471546483896931
1:1705604_A_G_A	0.2549266767348525	0.901487111724297
1:1705747_G_A_G	-0.010808147904923205	-0.4159183577781645
rs12041925_G	-1.6746624638930345	0.2747701411111253
rs116018620_T	-0.4489666560547403	-0.5560879944548524
1:1712230_C_T_C	0.018572755978518707	1.25039809644619
1:1713869_T_G_T	-1.0957893592136834	0.03140370463995628
1:1715011_C_A_A	-1.1562852238430639	1.3494787333112797
1:1734970_C_T_T	1.1150929748201297	0.41932671153812884
1:1736653_T_G_T	-0.6238646972336443	-0.6177944060873332
1:1759054_G_A_A	-1.0114176071672445	1.047630849912223
1:1762005_A_T_T	-2.2573116238510624	0.32120774671892555
1:1766094_A_C_A	1.313588249097373	-0.7754727140607099
1:1768779_C_T_C	-1.5650637523012454	0.34755110891588625
1:1768894_C_T_T	1.047158365962931	0.5192885245963383
1:1770788_C_G_G	-0.46033190121600337	0.8272457169097884
1:1770789_T_A_T	-0.08610996008685129	-0.6991084113307761
1:1773772_G_A_A	-0.4027254079051555	-0.22941514117803088
1:1776269_C_A_C	-0.9937572092865384	0.9128984353598927
1:1778090_T_G_T	1.4089921762736373	-1.3441297626104682
1:1781220_T_C_T	0.6766165553573517	-0.001586308760279054
1:1782620_C_T_C	-0.3886911076739811	1.1065135269695594
1:1783201_G_A_A	0.12007365894551308	1.169865133058509
1:1783584_G_A_G	-2.8562628588458643	-0.8585072000029801
1:1787378_G_A_A	-0.7187906192309527	-0.7436046107781544
1:1788689_C_G_C	-0.17883942736443534	1.1003910955674976
1:1795789_C_T_C	-0.7468229464943456	-0.8307415215998171
1:1796616_G_A_G	-0.4240773031009294	-0.6149489292665149
1:1801034_G_A_G	0.8276146574298279	-1.6662960130079674
1:1802649_G_T_T	1.684509062195039	0.8177639621868065
1:1805391_G_A_A	-0.5083200599055582	-1.813816337976936
1:1810090_C_T_T	0.9475316872512413	-1.0461394757506004
1:1811121_G_A_G	0.25910563657960406	-0.11520724800169158
1:1812504_G_A_A	-0.06089449608244832	-0.6350634469647384
1:1813237_C_T_T	-1.8165761458137963	2.4008719155319636
1:1813888_A_G_G	-0.07443059468854515	-0.28753396849610957
1:1814354_C_T_C	-0.6957665654823949	1.0807395558019222
rs16824526_A	0.8203241086354975	-1.5057645096415426
1:1821625_G_A_G	-0.11816667867368141	0.33174128528250374
1:1823524_G_C_C	0.09320829391070838	-0.21836218413580305
1:1859131_C_T_T	1.4033303356148115	0.7331709912303677
1:1859558_T_C_C	-0.1628249423037538	0.525453414933337
1:1860087_C_T_C	1.3017096192984858	0.18879266393582778
1:1860745_C_T_T	0.1367660108175658	-0.07764000111398531
1:1861152_G_A_A	-0.21281168985216004	-0.1003249461171273
1:1863026_A_G_G	1.2737437867780723	0.17406189199559888
1:1864526_C_T_T	0.3760761551899116	0.13950646424986873
1:1865298_A_G_A	-2.0304542956697644	1.5310163547458928
1:1866004_G_A_G	0.2740270693214865	-1.1086090282222252
1:1867023_A_G_A	-0.20880397206692072	0.8351322796427386
1:1868066_C_G_C	-1.2272618784701907	1.0379012112141142
rs28548017_A	-0.967709766935538	-0.3347283174949777
rs3820011_A	-0.8923423096796809	-0.10018657393410849
1:1888330_C_T_T	0.44852593730904133	-0.1152769223915057
rs28549710_A	-2.046485304947477	-0.594388065971113
1:1899164_G_C_G	0.6076946071351995	-0.23443230109575047
1:1899279_A_T_T	-0.3269953860858903	-0.19394444152835333
1:1899319_T_C_C	1.0218642979923498	0.8277034315191909
1:1899861_C_T_C	-0.15372399712710802	-1.4147633307682932
rs35269416_T	1.0779907143901488	-0.8865908521381208
rs16824588_T	0.9326198890861198	0.219626259088468
1:1904830_G_A_A	1.9993335631099083	-0.5126176803972852
rs16824603_A	0.06122457301178537	-1.8460903139368752
rs77942583_T	0.4067629877853707	0.6541247085895301
1:1922834_T_C_T	-0.7415880470633391	0.27618201255308705
1:1974895_T_C_C	1.2554638447145041	1.5929748806435238
rs3128315_C	-1.5455730133433354	-0.33022341533745786
1:2018862_G_T_G	-0.04679200078063879	-0.35659438743710825
rs13303130_A	-1.5174189066024266	0.3682216313969701
1:2022168_G_A_G	-2.8513606056477925	-0.8630549386453931
1:2036597_G_T_T	0.7584975748020482	1.0675353187235428
1:2039719_G_A_A	0.4064203554055495	-0.16866341190170753
rs4648807_C	-0.12630856174854235	-0.049914355122024474
1:2040936_T_C_T	-1.1923489130275846	-0.07139734644365316
1:2042994_C_G_C	-0.3382212413102566	-1.1646457756630204
1:2043792_G_A_G	-0.0956480618156114	-0.08918622737911648
1:2043984_C_T_T	1.2155510623646	0.9150964930670583
1:2044037_T_C_T	1.6294268219298045	1.1986736370081554
1:2044542_T_C_C	-2.471546594014738	0.22236034544103003
1:2045165_G_A_A	-0.5966518944332083	-0.9009389622537052
1:2045372_G_C_G	-1.1264998123719747	0.07637292674567393
1:2045376_A_G_G	-1.1218110866151088	-0.39037580034265107
1:2045380_C_A_A	-0.4751236592279045	1.221379897901971
1:2047547_G_A_A	0.4914763815700402	-1.567655675930899
1:2047584_T_C_C	-0.8676097823783314	-0.20657681087515503
1:2049599_T_C_T	0.31700538330217704	-0.056575796292062906
1:2051513_T_G_G	0.6511610623963936	0.0693094143746593
1:2052497_T_C_C	1.5034897018015154	0.125472104821611
1:2053073_A_G_A	0.6920735290415579	0.7354729792769411
1:2055856_G_A_A	-0.41669695664581113	-0.09509067323525895
1:2057750_A_C_A	0.09786855681177845	1.2188527578101627
1:2058023_A_G_G	-1.048584750061166	-0.24129165791059032
1:2061376_T_C_T	-0.11110087980576216	1.0620373028486687
1:2070100_C_T_C	0.4892951359219961	1.175311234662631
1:2070321_T_C_T	0.45388451890121745	0.5066672812930604
1:2071340_C_A_C	0.0494699843620089	1.173211137334435
1:2071556_A_G_A	0.4079886633042745	-0.4838813045139046
1:2071738_C_T_C	-1.4965189893687745	0.5648597998104942
1:2071765_A_G_A	0.559485461867976	0.06133303035530462
1:2073000_A_G_G	0.5969432322999808	-0.8507080344311364
1:2074104_G_T_G	0.6559289440252618	0.9428159611141675
1:2075068_G_C_G	-0.07824525310349416	-1.4809017739866315
1:2075560_T_G_T	-1.9242325306420511	1.1000135108078029
1:2075570_T_C_C	-1.7148510043336826	-1.0312468774241907
1:2076741_A_G_G	0.19283920534717253	-0.4500205724118995
1:2077260_C_T_T	1.2261753711370011	-0.47009769739290724
1:2077266_G_A_G	-2.8039092304693005	-2.139236763689981
1:2077409_A_G_G	-2.608152004285467	1.2929108778695133
1:2077872_A_G_G	-0.822418413463939	0.3455806756993487
1:2078385_C_T_T	0.30928863809883134	-2.821222299502092
1:2078444_T_G_G	1.4752160803095524	-0.3764106916159102
1:2078482_T_A_T	1.0299815802546883	1.300744861250439
1:2078557_T_A_T	0.6793069506348638	-0.28564884530379675
1:2078922_C_T_C	-0.3997746335789468	-0.1667793243117478
1:2080813_G_T_T	1.830923648265593	-2.0443300591552918
1:2081517_C_A_A	0.7785661259098909	0.14965506897380743
1:2082458_C_T_T	0.6590409310932362	-1.0121846240178967
1:2082489_G_A_G	-0.9029194689623132	2.0048891609055173
1:2082505_C_T_C	0.18184850096472066	0.23273806859147564
rs2257182_T	-0.35511886092601336	-1.6016194987845094
1:2082602_A_G_G	-0.9923403625411172	0.010164552242902275
1:2082722_T_C_T	-0.9594728581601335	-0.5295506921563033
1:2082829_G_A_G	-0.9978254533301281	-0.8655129044061286
1:2083173_A_G_A	-0.09859891536044926	0.2765224871025849
1:2083537_G_C_G	-1.2205775368264544	0.5779859545296597
1:2084598_T_C_C	0.27742256401866966	-0.6724102737810883
1:2085033_A_G_G	-0.9757300954711169	0.2513551712901613
1:2086312_A_G_G	-1.0723054890471557	-0.4016896949367042
1:2086757_A_G_A	-0.627768961844371	-0.5680297524694942
1:2087557_T_C_C	0.2750067710019199	1.2194607132108315
1:2088104_A_G_A	0.1667774508421145	-0.13014861723707954
1:2088577_G_A_A	1.5645436529319274	-0.17639789354022517
1:2088754_A_C_C	-0.9035714913204488	0.4694290908825834
1:2088932_C_T_C	-0.43019281459697206	-1.1400577854721912
1:2090095_T_G_T	0.5261655489741761	-0.695067036210702
1:2090816_T_C_C	0.38882867502489515	1.3575618470737023
1:2091397_A_G_A	-1.1983056030146062	1.648635982888375
1:2092283_C_T_T	0.2789999471144503	1.7696030099790654
1:2093734_C_T_C	-0.534672479720852	-0.9125047093032637
1:2095198_T_C_C	-1.1286967615752201	0.2464808863489407
1:2095582_G_T_T	-2.285581861457655	1.8651341447958942
1:2095699_C_T_T	-0.37654109551173226	0.7270464586789478
1:2096240_G_C_C	1.371449754576624	-1.7134041070736488
1:2096389_A_C_A	0.306166009475837	1.60326598138418
1:2096421_T_C_T	-0.7294706320122769	-0.22221729342672317
1:2096638_C_T_T	-0.5860869707526181	0.2621763187122639
1:2098286_C_T_C	0.8171008659903285	0.21532438537516954
1:2098377_G_C_G	0.4411117444890231	0.12119945599283262
1:2098831_G_C_C	2.0326794731592686	1.8237500087154657
1:2099082_G_A_G	-0.8603343900363548	-0.7015705864390133
1:2101687_G_A_G	-2.2320793809721895	-0.8222055374804753
1:2105878_G_A_A	-1.238571858234926	0.25892043681262356
1:2107055_T_C_T	-1.5442191238393388	-2.0977977757413275
1:2110848_T_G_G	0.03931440239891141	-0.686027664932616
1:2144107_A_G_A	-1.5070844849201048	1.8466588006971312
1:2169215_G_A_G	-1.4041963141603564	0.9483366384936759
1:2172917_T_C_T	-0.7327769834637604	0.9835933805817361
1:2172919_T_C_C	-0.9110484321719848	0.18624309269774456
rs263526_C	-0.11950653708833262	-0.18697199697143352
1:2205527_A_G_A	-0.10837264181779718	1.1852065538596839
1:2205548_A_C_A	-1.2021421440918638	0.8903852629884395
1:2205581_C_A_C	-2.8486526007396784	-3.029702128087527
1:2215909_A_C_A	2.3029699429607806	0.11345961203818246
1:2220425_T_C_C	1.36980388954533	0.6729544946026095
rs878093_A	-1.4662718344403665	-0.6297980613419075
1:2225284_G_A_A	-0.19650429382007048	-0.3834319033862602
1:2234903_C_T_C	0.12775653978206805	-1.457791880379396
1:2261003_T_A_A	0.2111676511206235	-0.7279369598241366
1:2261462_G_A_A	0.1358095627745797	-1.1282801246387053
1:2261607_G_A_A	0.029146652734637266	1.598415876108205
1:2266121_C_T_T	1.893832467979159	-0.005091881283165276
1:2284486_C_T_T	-3.0107578152293857	0.2564863303178556
rs6674705_A	2.07342353671957	0.8220211470626303
1:2303566_A_G_A	-0.39348030262365824	-0.21992387431564536
1:2329808_A_G_G	-0.24654988869222216	0.5742827307887858
1:2332038_A_G_G	-1.0814991046399014	0.5886344396542993
rs72642191_G	-0.6990565780499036	-2.0855503542818044
1:2337277_C_T_C	0.31952573187560657	1.535181102062183
1:2339395_A_G_A	-1.9092948574593107	0.20207159665957855
1:2341060_C_T_T	-0.4720090889383414	1.4085540651740331
1:2355223_T_C_C	1.1917548345788922	0.679491288703142
1:2355400_A_G_A	-1.0096949681997085	-0.7625516198024024
1:2355745_T_C_T	-0.32564841667711764	0.32019981235387174
1:2369021_T_C_C	-1.0986632980336424	0.9997606557105619
1:2390650_G_A_G	-1.1768939400413578	-0.6804023673319638
1:2418935_C_T_T	-1.2488299339018978	-0.9118418616435259
1:2775716_A_G_G	-0.596034448092464	-3.0397529845394606
1:2801459_C_T_T	-1.1245063955515084	-0.04809781735675186
rs78592587_G	-0.49488172784648826	1.622330049899188
1:2801985_G_A_A	0.2294702853702932	0.38690906913148154
1:2826369_G_A_G	-1.6571876420341938	0.677368430424492
1:2837574_T_C_C	-0.8305694092165871	0.23517182906493347
1:2837578_G_C_C	-0.18231462272748478	3.7348229417530416
1:2837628_A_G_G	-0.026778369746968015	0.5526316283766777
1:2837711_T_C_T	0.1528142491256449	0.02889530704658589
1:2837751_C_T_T	-1.788376561919291	0.6770720590549978
1:2837924_G_T_G	-0.8996889839668366	0.038941949733419474
1:2837925_C_G_C	0.4780301510764869	-1.6210658890215093
1:2837962_G_C_C	-1.0952187908933428	-0.00862503967252101
1:2837997_G_A_A	-1.004789326804877	-1.3776712777871445
1:2849190_T_G_G	-0.352187719114018	0.8848667606368739
1:2849557_A_G_G	0.2362626713409454	-0.632102529823921
1:2850181_G_T_G	0.12128843860271196	-0.09256935894743502
1:2851238_G_A_A	1.4655616423615188	-1.189214481982491
1:2852206_T_C_C	-0.8116134109882296	-0.5290320405914071
1:2853003_T_C_C	1.4897140085620377	-0.846552039379496
1:2853759_A_G_A	-0.9546978855976067	-0.9396397142443788
1:2854205_C_A_C	0.12434362821950493	-0.005548184269396783
1:2854273_A_G_A	1.6636082168700794	-0.604513513995903
1:2855237_G_A_G	-0.6571105068536155	1.5357156526386595
1:2858548_C_T_T	0.6293027807069355	0.6945127223730106
1:2861439_G_A_A	-1.4970888206928066	-0.8356978332511239
1:2862320_G_T_G	-1.616687633736019	-1.2432287124183643
1:2862480_C_T_C	0.7547162980312405	0.3056776210854433
1:2886466_C_T_T	-0.33738049518405255	0.7687417240069172
rs1572657_T	0.826362952272667	1.5584369993254876
1:2915263_C_A_A	1.1448384555600526	-0.4519253116375654
1:2915884_G_A_G	1.2087578989344	-1.7048427520203118
1:2917698_C_T_C	0.5818768720697096	0.6462337539171543
1:2918907_C_T_C	-0.7937553888221679	0.2973731667478096
1:2919942_G_A_A	0.773675795194587	0.7787773586709004
1:2920158_C_T_C	-1.7664802170314164	1.659756886074569
rs6685625_T	-1.0172480550152354	2.2616183367543394
1:2937550_A_G_G	-0.3789016373301608	0.48773008131492307
1:2938265_C_T_T	0.2572358719139563	-0.4546871205108583
1:2938697_T_G_G	-0.7693601049598972	0.07012908983096482
1:2940012_A_G_A	-0.04574033784374188	0.4873777060005143
1:2940998_A_G_A	0.7740089750489267	1.7560519808709676
1:2942465_A_G_A	-1.1373636560739853	0.26984389470085046
1:2943183_A_C_A	-1.1155818515962215	0.34039538198396363
1:2943398_C_A_C	-0.5095647597075346	-0.03831289208682731
1:2943668_A_G_A	0.8787743044577044	0.9952030542367875
1:2944038_A_G_A	-0.49824045683173324	1.1438292379094195
1:2944086_C_T_T	1.0761773531649208	1.0402517835192526
1:2944671_T_A_T	1.440541165934181	1.517028182684887
1:2945940_G_A_A	0.2959570026747087	0.33382106378552623
1:2945976_G_A_A	0.38563552038110743	-0.2246766305503015
1:2946726_T_A_A	-0.19944717916554924	-0.4902130173593616
1:2947756_C_A_A	-1.78603846346574	-0.5483186693889878
1:2947909_T_C_T	-0.8901739358746025	0.7750127655444133
1:2948020_G_A_A	-0.51346226724059	-0.43231778200726595
1:2948178_T_C_C	1.4869707617424983	0.8695634748464081
1:2949028_C_T_C	-2.2211001788790843	-0.635815796095525
1:2949355_C_T_C	-0.6942730086603998	0.24271857858140652
1:2949607_G_C_G	0.2363586475617797	-0.3904842538733458
1:2950067_T_C_C	0.8645706058643767	0.24752885549057918
1:2950094_T_C_C	0.6667011660065644	-0.8506130797010079
1:2950237_G_A_G	0.493755369744807	0.8671462751503388
1:2950334_G_A_A	0.1864735387220443	-1.775628111522069
1:2950370_G_T_T	0.28432002140136725	1.1350729134582969
1:2950594_T_C_T	-0.309468118522508	0.8738677273371945
1:2950872_T_C_T	0.28108398532400913	-0.7515297238573801
1:2950886_A_G_G	-1.2385166071008409	0.45857483993039455
1:2951034_A_T_A	0.16407072049450194	-0.7717561792972472
1:2951041_C_T_T	0.7513430873196363	0.12488807438845888
1:2951244_T_C_T	-1.0092125470815574	-0.13209961272454157
1:2951347_G_A_G	0.155173638546012	-1.339903843857316
1:2951349_T_C_T	-1.7016277903805488	-0.17592481033860322
1:2951511_C_T_C	-0.09381325383146742	0.7242445463353409
1:2951806_T_C_C	0.10389286972606261	1.0489205457943975
1:2951989_C_T_C	0.08720246794920301	-1.2050859520139376
1:2952823_C_T_T	-1.9162738309676246	-0.3245127578848459
1:2952840_T_G_T	0.7207603751192436	1.977395635150721
1:2953833_C_G_C	-0.8067180572067197	-0.5889236115832893
1:2954123_T_C_C	0.42495328481427047	-0.33896720654356693
1:2954165_C_T_T	0.5413990798290264	-0.39911912488299767
1:2954203_C_T_T	1.467062023904794	-1.697941133137903
1:2954208_G_A_G	-0.5596425572270717	0.6187762448380753
1:2954230_T_C_T	0.4103716239285745	-0.6021854883607876
1:2954297_T_C_T	-0.8594964783050475	0.21657003422860618
1:2955158_G_A_G	-0.49668955512754426	0.6473093835567706
1:2955930_A_G_G	-0.010507346757751817	2.2489684548549107
1:2956163_A_G_A	-0.2661770787358421	0.4391523423724533
1:2956582_A_G_A	-0.550928742867133	-0.7458180077290456
1:2956999_T_G_T	-0.14588540068415312	-0.04110549489580711
rs12409277_C	-1.3194484484291318	-0.7421276236279729
1:2958708_A_G_A	0.07566203947130787	0.7562534226284069
1:2959610_T_C_T	-0.24395796967022268	0.8063435210791218
1:2960372_C_T_C	0.8503101548772206	-0.3663118527490501
1:2960608_A_G_G	-1.0322789696268648	1.20253525780248
1:2960790_C_T_T	0.6391386649830327	0.7596118308697658
1:2961402_G_T_G	-1.9519452587489712	1.639885670454858
1:2962207_A_C_A	-0.7268956110854982	0.10729056427706575
1:2963493_G_C_C	-0.0378698427409648	-0.22977685061202555
1:2970464_T_C_T	1.9301922365190418	0.13179620735731118
1:2971452_T_C_C	-1.633190202404283	-0.6783442067016423
1:2973576_G_A_A	-0.18625351325630632	-1.0477736465717296
1:2974064_A_G_G	-0.8860266590340923	-1.262892940630934
1:2993638_G_A_G	-0.15367869763603312	-0.4062671727992008
1:2998022_C_T_C	0.0381299310127139	-0.8052154612861362
1:2998313_G_A_G	-0.10523239714139979	-0.8731062904484146
1:2998632_G_A_G	1.293976788330331	-0.6301742182720702
1:3000465_A_G_G	0.3123782382524048	-0.9818284990071685
1:3003532_G_A_A	-0.35720874686240983	-0.2842798723846017
1:3005585_A_G_A	-0.6008978609661114	-0.6920477638941164
1:3005638_C_T_T	-0.00974605920560351	-0.5049713660470226
1:3005750_G_A_A	-0.3835448685103146	-1.7265552123965942
1:3006131_T_C_T	-0.9425654611688856	-0.16173558962974777
1:3006198_C_A_C	0.914389881784467	-1.0159959452280234
1:3006283_A_G_G	1.800926504900712	-0.6495483726531123
1:3006315_T_G_T	-0.22658381777639217	1.5278333707763905
1:3015842_G_A_G	1.7401336737306072	1.2343945916481052
1:3016087_C_T_T	-1.874332640695237	0.49781732520144517
1:3016117_G_A_G	-0.6434834338944536	1.1170421317927435
1:3017158_G_A_A	1.4262333931765634	-0.9679421123848079
1:3019627_G_A_A	-0.953287394131042	-0.22431733745609694
1:3020188_T_C_C	0.8072691482189333	0.010337307344289164
1:3029081_C_T_T	0.6933359862323355	-0.1008801488114895
1:3044871_T_C_C	0.1752843576593037	0.26266133102324574
1:3046352_A_G_A	0.23960499903037433	-0.6126790006501841
1:3046711_T_G_G	-1.0819829178430866	1.8212139021332783
1:3046826_G_T_T	1.9296296879406696	-1.1578062456300102
1:3049362_C_T_C	-1.4956027123167115	-1.120789152592398
1:3049573_C_T_C	-1.22281819137603	-0.7449006905960753
1:3049855_C_T_T	0.2632533016181227	0.4055767112461859
1:3050221_G_A_G	-1.9981213081383609	0.8800362691474245
1:3057788_T_C_C	-0.006265668025825649	1.3146269529400618
1:3074306_C_T_C	-0.06410281682077067	1.560149661673787
1:3083861_G_A_A	0.7691109350406626	-0.13826518385987968
1:3086230_G_A_A	1.0989693276406625	-1.7309574599905608
1:3086301_C_A_A	-0.11743428897804163	-2.080881323122415
1:3086496_C_T_C	0.754324338131396	0.9954648264676504
1:3086828_C_T_C	-1.0127185692867846	1.1937113222870963
1:3086847_T_C_C	-0.44189358412802643	0.973873895948056
1:3086853_G_C_C	0.19850744210328278	0.656225196178075
1:3087184_C_T_T	0.6830003638853857	1.7040436163787063
1:3088054_C_A_C	1.0279220803470357	-1.1562925911488788
1:3088477_G_C_C	-2.4445811549980077	0.3482328856789028
1:3088576_G_A_G	1.3346695553059076	0.7887642682032104
1:3089111_A_C_C	0.26907104301500845	-0.22635548247487222
1:3089112_C_A_A	1.1927294951824692	-0.20052132587347468
1:3089137_C_T_C	1.1550856736634758	-0.5179918777440546
1:3089154_C_G_G	0.8822368464132013	1.3853424676861328
1:3089168_T_C_T	-0.19039094917448163	1.6530783869592898
1:3089202_C_T_T	1.3577929269985174	0.6568913761907809
1:3089339_C_G_G	-0.9087589255301656	0.05049370867540854
1:3089448_A_G_G	-0.046306073716383046	-0.11750440418771395
1:3089540_A_G_A	1.3753132128317638	0.884458247499721
rs71634325_C	-0.9227522553137542	0.6184002437909354
1:3089668_C_T_C	-0.39198971182129283	-0.009699750003474087
1:3089936_T_C_T	1.0443860124391173	1.2110925832772514
1:3090136_T_C_C	0.4186726527872521	-1.463214360069427
1:3090293_G_A_A	0.5409164822083877	-0.47261916321859926
1:3090337_C_G_C	0.5172837179564568	0.34784199544114347
1:3090350_C_G_G	-0.2357193067385561	-0.7520895848702644
1:3090354_G_A_A	0.6062154820839882	-0.03583737237102194
1:3090768_A_G_A	2.460834584602743	-2.083868465625172
1:3090991_T_C_C	0.22071281712736684	2.3137317419289194
1:3091966_C_T_T	0.8867492071213489	-0.476107874849125
1:3092331_A_G_A	-0.7635321608157103	-1.4302419862675397
1:3093608_T_C_C	1.604254868000347	-0.7666936542056358
1:3094708_C_T_T	-0.07115425384928918	-1.891605615447926
1:3094831_C_G_C	-2.965045228304937	-1.8452362646325446
1:3094956_G_A_A	-0.5368788884857704	-1.0237656637021788
1:3094989_C_T_T	-1.1308419583782339	-0.6058429919652478
1:3095491_A_G_G	-1.3350952543478558	-1.0408716552424453
1:3095631_G_A_A	-0.44163038631286755	-0.88431413521381
1:3096018_C_T_T	0.7948182718425242	0.10552149446330775
1:3096087_A_G_A	0.47618402167571167	-0.5810109983710121
1:3096727_T_C_C	0.5529506194111887	0.021292799407380655
1:3097073_G_A_G	0.17451406973407713	0.48226503715956903
1:3097498_A_T_T	-0.10144558236433229	-0.05492576420114043
1:3097499_C_T_T	1.401259425358591	0.9023548923685023
1:3097583_T_C_T	-0.5699265236455605	0.7668276427337684
rs10752733_G	-1.1225514106182013	0.2717225757106086
1:3106616_A_G_G	-1.3856934759818955	0.46072470013318434
1:3106954_T_C_C	-0.31218060726485364	-1.8827712959888085
1:3125961_C_T_C	-0.5355899697614748	0.24443414696360513
1:3141417_T_G_G	0.02121514082882436	-1.102885432996809
1:3148616_C_T_C	-0.3410142465418338	-2.0426771620291713
1:3161353_C_T_T	0.6858436757677103	0.062139458399245735
rs74050806_T	0.053278046628724145	-1.329340608705703
1:3199121_A_G_G	-0.3713601040407548	-1.2358873458255761
1:3208323_G_A_G	-0.1499691505945528	0.6272706722428172
rs4648468_A	1.0535167329100896	1.4584949059706356
1:3218923_G_C_C	-0.018389131965541056	1.703528924323895
1:3219497_A_G_G	-1.2236512288299815	-1.8309637731644364
1:3219901_A_G_A	-0.005054895796933237	-0.15661262069307694
1:3220382_G_A_G	-1.1252012385716728	-0.27566138377182675
1:3220415_A_G_G	-0.49820928695297173	-0.6804461092014901
1:3221083_T_C_C	-1.8190143502047287	-1.6946563506826284
1:3237174_C_T_T	-0.4966379597070611	-0.013710037802825672
1:3242797_A_G_G	1.6365229443205622	0.34461132256950194
1:3243017_G_T_T	-0.8034990205731404	1.766129591740825
1:3244795_G_A_G	-0.9824985634024959	-0.1162266752400173
1:3246113_G_C_G	-0.4673829789669133	0.9161094857991771
1:3246767_C_T_T	1.644934334250085	1.3592076947150473
1:3246839_A_G_G	-0.09469319137939826	0.5150807197064846
rs10909931_A	0.1642065760746252	-0.25611348512856824
1:3247572_A_G_A	0.7691605239968595	-0.135075916560002
1:3247971_C_T_C	-0.9404181108344206	-0.2611744042073382
1:3247974_G_C_C	1.3067841562182276	-1.0238272348418964
1:3248541_A_C_C	1.7256490429526847	-0.48103492458275693
1:3250942_G_T_G	0.08072332072114635	-0.2213166970084778
1:3251293_C_T_C	1.2950889864909119	-0.7560861538832346
1:3251324_G_T_G	-0.11433034505995567	-0.11464244595601233
1:3251337_C_T_T	0.15072142638559174	-0.8583167330295944
1:3251487_G_A_G	-0.577947930576655	0.19911742358674744
1:3251975_G_A_G	-0.08381724357274278	-0.34565432252310424
rs4648478_C	-0.047801624706614324	-1.1686158435355434
rs2483278_T	-0.021708206138044552	0.48837732965447683
1:3252169_A_G_A	-0.1174971080681828	0.030810657737635784
1:3252781_C_T_C	1.7168570348189756	0.6985070217385857
1:3253162_C_G_C	-0.9715431529709004	-0.8771273465837621
1:3253615_A_G_A	0.08880969100705347	-0.2033595118968027
1:3253678_C_T_T	-1.256060706510338	0.4257810106916005
1:3253703_A_T_T	-2.1276247786604245	-0.5695279015097158
1:3253839_C_G_G	-0.5755359969148088	0.3508829583440088
1:3253889_C_T_T	0.17338331109286254	-1.1730191723189112
1:3253941_G_A_A	0.5710936725446428	0.5408198789437312
rs77188861_G	-0.48299036792455013	-0.023301495432270645
1:3254341_G_A_A	0.6537813336637921	1.341192598697076
1:3254356_C_T_C	0.5995473996095851	0.3734987778118917
1:3254369_T_C_C	-0.2593938628927536	0.41369488728264026
1:3255539_G_A_A	1.1764651135502593	-0.15339420229203315
1:3256276_T_G_G	-0.8707560027634286	-0.13181864692758577
1:3258534_T_C_T	-1.437797732571334	0.7791900335947799
1:3258542_T_A_T	0.20984535490061731	0.19770182573011358
1:3258661_C_T_C	-2.0569563150725694	-0.29013484752839885
1:3258688_G_C_C	0.3426428126482585	-0.4666388041863961
1:3258901_T_C_C	-1.654325984313608	-1.9118235331161868
1:3259029_T_C_T	-0.7458425346091897	-1.9739264578584874
1:3259113_G_A_A	-1.8356296533823722	1.771760831086679
1:3259183_A_G_G	0.3548852160851911	0.798526853045329
1:3259954_T_C_C	-0.31668478507500725	-0.3984115791294206
1:3260396_A_G_A	0.17141324291254845	0.12691999305475518
1:3260470_G_T_T	-0.309070848184376	0.17195135937285316
1:3261516_C_T_C	0.17303437974795138	-1.653274589957776
1:3263260_G_A_A	-0.8155213966363022	2.1349122500495437
1:3271291_G_A_G	2.203070219013634	0.1597234916897984
rs946760_A	2.0302604626412792	-0.05840205791037504
rs946759_A	-0.8336713615412891	-0.06900913584755614
1:3273468_G_A_G	0.30344192490362737	-0.9658946942967229
1:3279324_A_G_G	0.36027542269409857	0.6158792260969864
1:3296772_G_A_G	1.8900133122571388	0.18903018329253302
1:3296951_T_C_C	0.7823089016000834	-0.8953835973328335
1:3300169_C_T_T	0.6597647889494745	-1.29429810192604
rs55820137_A	-0.7603341158511997	-0.3862591254805297
1:3300279_C_A_A	0.9943804848882367	0.5172386518353208
1:3306855_T_G_G	0.5058830892838346	0.638206865096444
1:3307448_A_G_G	0.032082972673414034	-0.2303092367444401
1:3307746_T_C_C	0.17514951897804978	-0.12909017958628619
1:3308034_G_A_G	0.6995689689794645	-1.385551293328288
1:3312326_G_T_G	0.943278747137655	-0.8281777965666266
1:3316539_G_A_G	1.845632215754336	-1.6863460650379816
1:3325144_G_A_A	-1.3737832686303555	-0.32785490797226546
1:3330390_C_T_T	-0.885525219993192	-1.9616628487506216
1:3333595_G_A_A	0.37288628471644014	-0.689317284618623
1:3337156_G_A_A	1.9500630868218176	-1.3142101263819892
1:3337552_T_C_T	1.5295759423741475	0.15150247895137609
1:3337636_G_A_G	1.562680983379827	0.47384432572068025
1:3352862_A_G_G	0.5360986287322609	1.431482538107192
rs10797399_G	1.2537881864964138	0.9153245881426504
1:3450637_C_A_C	-0.36275365625718714	0.22418433022857673
1:3451005_C_T_T	-0.787572890764529	0.024158058786717545
1:3487126_C_T_C	-1.1552101150314853	-1.1285286241331913
1:3487922_C_T_C	2.109909711469437	0.8634841726205139
1:3499067_C_T_T	1.5778993406097395	0.5063015246918878
rs7513275_G	-0.39890339514285844	1.19045766600826
1:3524248_G_T_T	-0.1583882033908749	-0.7495463633382276
1:3534706_A_G_A	-0.32969279096375503	-2.6744824235395197
1:3534808_G_A_G	-1.5802747390816623	-2.395340863591669
rs10909990_G	-2.268580702800234	-0.3720670185115258
rs10910003_G	-0.434823195490519	-0.6169753144951543
1:3576197_T_C_C	-0.9265273838147751	-0.6735378867393429
1:3576351_T_A_T	-0.05565758993131614	-1.101017806301103
1:3576547_T_C_C	0.7205556938923926	0.08647188071787143
1:3577321_A_G_A	-0.15506545084333181	0.9447224388882887
rs7523732_T	1.7067835301875238	0.4558838665856999
1:3585864_T_G_G	-0.37652087684837454	-0.9177008374060466
1:3586232_C_T_C	-0.16308140870874058	1.499740186527265
1:3586250_C_T_C	0.24051501279883075	0.9715140032524862
1:3586283_C_T_C	0.020099039926276086	0.6300009559168215
1:3587266_A_G_G	0.6045820050170211	0.8443900691818244
1:3587377_C_A_A	-0.545214622289634	0.019867933877055557
rs3765696_C	0.4141064266632732	1.56289313459882
1:3587558_T_C_T	1.5505090263966756	-0.4586176114901772
1:3587640_A_G_G	0.9541760172192925	0.7382195522268998
1:3587692_A_G_G	-0.7690950393966035	1.9393126191633951
1:3601798_A_T_A	0.7361382001358139	0.32616702201697395
1:3601940_G_A_G	-0.30864740417312875	-2.58992841691026
1:3604189_A_G_A	-0.2100447058587685	0.2900047053118328
1:3613067_G_A_A	-1.0011163684960043	-0.4022921885102733
1:3616601_C_T_C	-2.499556382218818	-0.7513904579395176
1:3657759_G_A_A	-0.548576949595322	1.4319520412035234
1:3661182_A_G_A	1.3154555597950057	0.4682093638660415
rs3737589_A	-0.4356359077608078	1.5564301014956308
rs1181883_T	0.9370409518754848	-0.41274640207794827
1:3678221_G_C_C	0.5250542526630126	-0.5001552296471038
1:3709487_A_G_G	0.08741158220436926	-0.47306875206716326
rs6667255_T	0.31305433634187707	0.29663688491218637
1:3743391_C_T_C	-0.5079867816085075	1.3974287626310251
1:3784454_T_C_T	0.3269650192656412	-0.33469383917202983
1:3789319_A_G_G	-1.2157742608127233	1.3576083679601751
1:3789362_C_T_T	3.452656245191508	-0.7973669539908519
1:3789852_C_T_T	0.9169137401443072	0.015472230923551562
rs35371895_T	-2.849447665395952	0.6034871978254374
1:3790323_G_A_G	0.26189278500784485	1.8178452617862262
1:3790332_T_C_C	0.36145052181032067	0.3350363214017006
1:3790645_T_A_T	1.0161048734505351	-0.2980204480248523
1:3791336_A_G_G	-0.582215548131478	-1.5633996344154613
1:3791583_A_G_A	-0.440276789355142	-0.10167635190409914
1:3792224_G_A_G	-0.07292119383726209	0.4400338335379018
1:3795464_T_C_C	0.0821030830911875	0.2843121483727833
1:3795666_A_G_G	-0.1457511354027733	-0.03584524062064815
1:3795717_T_G_G	1.3953952821641036	-1.7089205495406643
1:3795934_A_G_G	0.39712953433765025	-0.8090151644987545
1:3796022_T_G_G	0.7238463209860836	0.20523155394118042
1:3796134_C_A_A	1.1410499212128602	0.6882447442412167
1:3796645_C_G_C	1.035873718823809	1.0557332745423655
1:3796694_A_C_C	0.7557870953644794	0.45064888896357974
1:3796711_A_G_G	1.4475255558156213	2.2998121829696996
1:3796756_C_T_C	0.3719814796550518	-1.576028080752235
1:3796948_G_T_G	-2.559420109222668	-0.2590711554479983
1:3797395_A_G_G	0.6818312462899638	0.27767286798749036
1:3797633_C_T_C	-1.7816047822938865	0.9884238225846752
1:3797678_T_C_T	0.39557694520043984	-1.0928648775503467
rs3205087_A	0.252893597307648	-0.6234529402853728
1:3800480_G_T_G	-0.11474173663325286	-0.18833480483784054
1:3804748_C_T_T	-0.4535101091518039	1.3244446026298062
rs7530189_T	-0.8004475505317885	0.32194537859877354
rs4131373_A	0.4333016035207344	1.0582647671479695
1:3809326_C_T_C	0.9234561434254486	-0.6585196394918034
1:3810909_C_T_T	-0.4050551485117453	0.4970085859324139
1:3812661_C_T_C	0.8326123045162105	0.651103812702559
1:3812707_G_C_C	-0.06844851173143311	0.8953571803954735
1:3816604_G_A_G	0.5811032182372441	0.9145239734555388
1:3816950_C_T_C	1.138591299390482	-1.464407441508307
1:3817605_C_T_T	-0.018166998915265836	0.28737594648305737
1:3822703_C_T_C	-1.0985355304818074	-1.064514532745572
rs76419011_T	-0.9740136426181407	0.7381935887658081
1:3838222_A_G_A	0.5753560345563857	1.5077418230244077
1:3838247_T_G_G	-0.810509976093515	0.8306535074122631
1:3839728_C_T_C	-0.4023793820009842	-0.93068244847985
Affx-35302402_T	-0.004591036131037317	-0.28009551822262746
1:4004028_C_T_C	0.6472944106202618	-0.47233194361049435
1:4004761_C_T_C	-0.33850085167971933	0.950334763387091
1:4005412_A_G_A	-1.2663046401454163	-2.3489691711922234
1:4005508_A_C_C	-0.13264163319098296	-0.6542964433813628
1:4005540_C_T_T	1.9820450305404924	-0.3280921109845215
1:4005548_A_G_A	1.0749092521785737	-1.161372786629932
1:4005693_G_A_A	0.4288658377759717	-0.7116825172841832
rs7513058_G	0.13237963219840163	0.23658113749948828
1:4005929_A_G_A	0.41426353069554267	0.6531109221677589
1:4006060_T_C_C	0.15704021913741636	-1.1750982531810221
1:4006292_T_C_T	-0.48375464554500425	-1.1477464429218396
1:4006367_T_C_T	1.3642680321935767	1.0123333498541345
rs7551771_T	-1.1368971651191653	0.4585416450474962
1:4008484_G_A_G	-0.608896995329873	-0.03712078577529788
1:4008701_A_G_G	0.19038420915509885	0.4658662476064215
1:4009071_T_C_T	-0.25908517226967404	-0.8999024448007212
1:4054972_A_C_C	0.6693187405606642	-0.9970427210631878
1:4065348_C_T_T	1.493530477101921	-0.5049188358728064
1:4104757_A_G_A	0.6376481815852996	0.5381022608219034
1:4107166_T_C_C	-2.167648434863426	0.40856079868628714
rs35953644_T	-1.8270347108090543	0.8950936923613846
1:4115576_T_C_C	-0.08821283530199057	0.3883512684525182
1:4115837_G_A_A	0.42616966147006535	-0.14248123000146706
1:4119623_G_A_G	-1.1389698467828313	0.1717008168273664
1:4119662_G_A_G	0.8236928560361024	-1.032597910468401
1:4119730_G_A_A	-0.7738391578224405	-0.7575096762625646
1:4119733_A_C_C	0.3532069235061435	-0.0432832413205171
1:4119754_C_G_C	-0.458225839055403	0.4861530930296757
1:4119981_A_G_A	-0.28637656132615397	0.302870457960849
1:4120205_G_C_G	0.43858840411148314	0.21900694108200472
1:4120356_C_T_T	-1.5165913082463938	0.3076462871365148
1:4120499_T_A_T	-0.5303694941769207	0.46414120155293365
1:4120591_A_G_G	-0.1941523023101993	1.3989002220800946
1:4120594_T_C_T	1.2062434805365243	-0.20500127583565006
1:4120796_A_C_A	1.8018145220987227	-1.1694121870688787
1:4129266_A_C_C	1.5831698987886547	-1.4643232951141516
1:4145875_A_C_C	0.4608449680469806	-0.5984640464286627
rs10915423_C	0.2948718152399653	-1.4016307425621934
1:4155458_G_A_G	0.2137459658862575	0.7014919278531991
1:4155459_C_A_A	-1.8821620592897852	1.49158351831095
1:4155460_C_A_C	1.1478410293365178	0.5053958662689558
1:4155841_A_G_A	0.33784593032119586	1.0390613776789999
1:4167814_G_T_G	0.3951206261158448	-0.5465473608562018
1:4167815_C_T_T	-0.5958439193157322	0.11181209759623327
1:4168827_G_C_C	1.0747215253461433	0.7501255151578952
1:4170048_C_T_T	-0.5761241752695012	-0.035657411257750564
1:4173458_C_G_C	0.36030783375431724	-0.3178108566122062
1:4176106_T_C_C	-1.8980445568019153	1.7310536510157577
rs12040805_C	1.7529172078263249	-1.2068500110466203
1:4183006_A_G_A	-0.9801528363232075	-1.285675533700619
1:4187821_G_A_A	-1.0682483798477413	0.9559934128604332
1:4191770_T_C_C	0.3685248909909165	-1.2834834884551034
1:4191849_T_C_C	1.8777332399528395	0.4976533641760981
rs77586751_T	-0.2389803697458766	0.8793472637922948
1:4192854_G_A_G	0.3153245037290426	-1.53757435723705
1:4193218_G_A_A	1.2760951158199836	-0.21664326769355086
1:4206210_T_C_C	0.4627743845004521	-0.2531017427659383
1:4207343_C_T_T	0.7813057583635863	-0.8275096103254832
1:4207398_G_A_A	0.8241825678278045	0.2058418228956561
1:4208296_G_A_A	0.39300148680569513	0.12988659713771133
1:4208542_C_T_C	-0.5287453201428876	-1.9848621099528396
1:4208918_G_A_G	0.6913601762666324	1.2931189531745382
1:4208937_G_C_C	0.7880901940485473	-1.1484582801273373
1:4210164_C_T_C	0.33856141192890427	-0.7393921799956297
1:4210402_G_A_A	0.7580274236634528	-1.7760972128897967
1:4211598_G_T_G	1.4894822487546557	-1.4870273353985717
1:4211647_G_A_A	0.6321960359563648	0.7498446132451262
1:4211740_G_A_A	-1.2632410990272658	1.7585780522626702
1:4211964_C_G_C	-1.0735936444682628	-0.23603736815219523
1:4212342_A_G_G	-1.5181506716394577	-0.18961183069948784
1:4212493_G_A_A	2.049711772366559	-1.0525758416099917
1:4212679_G_T_G	0.3838285047757819	-0.5784913081533563
1:4213069_C_G_G	0.48315835767327797	-2.0128493404550896
1:4213900_A_C_A	0.9300758401286758	-1.3605711380254608
1:4214031_C_T_T	0.11457809305846756	1.0033900583766198
1:4214105_C_T_C	1.4811850551871077	-1.3907122620883938
1:4214727_C_G_C	-0.33335111154667163	0.752694256907232
1:4214828_G_A_A	1.416025722611841	0.6471393951438593
1:4215023_T_C_C	-0.9717316992472403	1.6603774676671506
1:4215870_G_C_G	-0.206779012773185	0.6565382137865353
1:4215918_C_A_C	2.365233340609321	-0.805131892610793
1:4216165_G_A_A	-0.45771041977051524	-0.9376512291262342
1:4216299_G_A_A	-0.8157235661407978	1.992136443933492
1:4216375_G_A_A	0.9551893128966922	0.08560755939259251
1:4217286_G_C_G	0.09868840898094168	-0.010165977401154777
1:4217682_G_A_A	-1.1614453947477075	-0.050759773067201856
1:4218044_T_C_C	1.381963870744517	0.24685596626119208
rs72851491_C	-1.062994383452694	-0.29391421240006416
rs12402282_T	0.6696567577316598	0.263382829093114
1:4218796_C_T_C	1.3448449866898395	-1.7345536902046017
1:4220229_A_G_A	0.970488480101935	0.18793225496769067
1:4220255_T_C_T	-0.5815238434131653	0.38341194516962745
1:4220260_T_C_C	0.8523005910820068	0.5533442820360073
1:4220309_G_C_C	0.6674859161675215	-1.128168028723186
1:4220314_C_T_T	0.5778214246212124	0.4959591448537781
1:4220500_T_C_C	-0.3321589664314096	-1.1310589863605116
1:4220544_T_C_C	0.13239789967273702	-0.7190861165683278
1:4220801_T_C_T	0.6797102777514562	0.8520914010959898
1:4220875_G_T_T	0.16985380473437445	-0.7817655170703735
1:4220890_T_C_C	1.0100196280128098	-0.20960353397640458
1:4220928_T_C_T	-0.5223378576348914	0.06822108917288035
1:4221301_T_C_T	-1.919407766570076	-0.16586520314909492
rs77595582_T	-0.265698235652244	1.0917960400720244
1:4223567_C_T_T	-0.5076532612119965	0.17875111382079287
1:4224315_C_T_C	0.378270520747496	-0.08143885595005954
1:4225087_C_T_T	-0.10590668795318435	0.226959017117298
1:4225092_C_A_A	-1.7920270026733542	0.3723682205632365
1:4225095_G_C_C	0.003632310497929068	-1.1735437960311454
1:4232798_G_C_G	-0.4296009755150424	1.348669740908234
1:4232981_A_T_T	1.0557265764723558	0.1890948856632295
1:4233188_A_G_G	1.6341513632597058	-1.0701975184213595
1:4233380_T_C_C	-0.7294887640917487	0.8566937601043978
1:4237162_G_A_G	0.24613297411251278	0.16197874671448717
1:4237286_C_T_C	-0.5429406413306613	-0.6560046350574806
1:4238082_A_G_A	-0.5717076632149567	-2.476230401988567
1:4238104_T_C_C	-0.1757737632197565	-0.3964845269614097
1:4238264_A_G_G	-0.35281012599742695	0.4655753228510292
1:4240178_T_C_T	0.0018587586618895669	-2.3189607683762703
1:4240427_A_G_G	-0.8038495673628647	0.23932525675866423
1:4240497_A_G_A	-1.1508380280638428	0.3624015531852579
1:4240745_G_A_G	0.24548759324807848	-0.6823080895746163
1:4240861_G_C_G	0.4848492723234115	-0.17112831089707492
1:4259253_A_C_A	1.4297757696442157	1.1048662189528093
1:4263519_G_A_G	-0.3665360024830129	0.09921559470318372
1:4263677_C_T_C	2.4007778356058536	-0.596935927937964
1:4263983_A_G_G	0.3521032785621451	0.4282331580820337
1:4263997_A_G_A	0.47308195956464966	-0.19561917230344375
1:4264484_G_C_C	0.30389411599157995	-0.3550394648574303
1:4268960_A_C_C	-0.6713905892436215	-1.0272764715195977
1:4269174_C_T_C	0.397871428039	-0.35769802683171953
1:4271526_C_A_C	1.5534251599222844	-0.47676841732048203
1:4271583_T_A_T	-0.3377853612736765	-1.3590630639320054
rs7553814_A	-0.427597979281328	-1.2593136151819355
1:4271976_G_A_A	-0.9815620934874484	0.46884983836114963
1:4275724_G_A_A	-1.3303586583732758	-1.0097024085296031
1:4276261_A_C_C	0.7332359155873053	-0.6272755626354405
rs34834583_G	-0.8776134613503147	-1.0462153194884565
1:4277948_T_C_C	0.7544696100842975	-0.7394070314328152
rs903540_C	0.24321175061112238	-2.062282315495558
rs71640915_T	-0.16031352107557356	-0.7534525330180964
1:4323102_C_T_T	2.2326158757371495	0.40298913809814796
1:4323873_A_C_C	-0.17735942431152857	0.3148592330105803
1:4326695_A_G_G	0.40252431481701983	-0.3129802664681049
1:4328074_C_T_C	0.8933474204491241	0.1270540534828946
1:4328476_C_T_C	-0.35890567353318914	-0.7117220023820445
1:4329146_G_A_A	-1.7208775712144495	1.4246009412724763
1:4335893_A_G_A	0.15937606819211983	-2.356153742018372
1:4338958_G_A_A	-0.7625993553680616	-0.4867698592847304
1:4355593_A_G_A	1.562595653442636	0.731632473710208
rs1490413_A	0.3687412814434331	-0.92627176958572
1:4368304_C_A_C	0.046487905095512316	-0.34725784131517334
rs351615_A	0.7371266575907369	-0.5508683421416793
1:4371949_C_T_C	0.48852036477321903	-0.07262558511637134
1:4374571_G_C_C	1.289716021720458	-0.25659753150973097
1:4375160_C_T_T	1.7675106035099484	-1.5471178390266325
1:4375859_A_C_C	0.10932286629110638	0.14736076055143627
1:4376816_C_T_C	-0.317174746047951	-1.3302872734633595
1:4377032_C_T_T	-0.9411395925633218	0.4724335016235387
1:4377563_A_G_G	1.264525308323073	-1.6864514309918606
1:4377644_C_G_G	-1.408248634457736	1.1089973899500933
1:4378134_T_A_A	1.5671766826866038	0.8645092628857721
1:4386359_G_A_A	0.6869733332338467	-0.7172218007245992
1:4387018_A_G_G	-0.47724231470705486	-1.0460947246153052
1:4387855_A_G_A	-0.44049111848606504	0.26653373148440207
1:4388071_A_C_C	0.08039673778822501	0.18338979326142976
1:4388370_T_C_T	2.3344590767112265	0.12165686840412784
1:4388377_A_G_G	0.1375333463443454	0.8054411915419675
1:4388684_T_C_C	1.8863908359320252	1.4507553141752403
1:4389914_C_A_A	-0.7271149787426374	-1.0826022943666083
1:4389964_T_C_T	-0.0727211574103265	0.3634398066104906
1:4389966_T_A_A	-0.5958781916627062	0.21029639984569135
1:4390211_C_T_C	-1.4275869111386432	0.5392282781106966
1:4390230_G_A_A	-0.3244955319458266	0.19485327403607916
1:4390289_T_C_C	0.20736422542048985	0.453134904570032
1:4390432_T_C_T	-1.446756253825629	1.3309840921592433
1:4390573_C_T_T	0.2876171693042058	-0.5725667033824657
1:4390591_C_G_G	0.2068796512985343	-0.8701823670893949
1:4391016_C_A_A	0.5932121353079916	0.9754278670704923
1:4391391_A_G_G	-1.2133413932599972	-1.0038407613317462
1:4391544_G_C_C	1.0435770772803705	-1.3149341959496255
1:4392440_G_C_C	1.5002685993608371	1.080308660298254
1:4393786_T_A_T	1.503097983736096	0.06466467179535582
1:4393893_G_C_G	1.0558332812953495	-0.5396380261516721
1:4394053_C_A_C	-0.2919415374243015	-0.6703540178775063
1:4394304_G_A_G	-1.747916671886399	-0.1795527952185153
1:4394322_G_C_C	0.5726685274067257	-1.2049776401747883
1:4394403_T_G_T	-0.9826828772328604	-0.23490632660322155
1:4394424_A_G_G	-0.6504310330308127	-1.3238009193602458
1:4394445_A_G_A	0.5593268177392889	0.37187903520292587
1:4394512_A_C_A	-0.2821420544534621	1.1152753644461495
1:4394565_T_A_T	0.016909909202168866	-0.38779966309162384
1:4394632_T_C_T	0.7358397064770067	0.5708320461587868
1:4394811_C_T_C	-1.7413803673109571	-0.8812222827417943
rs76498665_T	1.406858851166735	-2.3364328735207156
1:4395059_C_T_C	0.6247702851837524	-1.8471295814525464
1:4395235_A_G_A	0.5596188529339448	1.7004833962596422
1:4395776_C_T_C	-1.3701014467562125	-1.0244563356444232
rs579387_A	1.6096106885893542	-0.6843416042691762
1:4395919_T_C_T	0.059686084892013914	-0.36661694618195745
1:4396104_C_T_T	0.3271118388216795	0.2631316479075182
1:4396285_T_C_T	-1.8041809549811243	-0.5032781418805996
1:4396839_T_C_C	-0.8483041687395649	-0.5921084225488729
1:4397495_T_C_T	0.6361612531478147	-1.088066181027003
1:4397528_A_G_G	-1.1550017659551959	-1.6395077270055602
1:4397703_C_A_A	1.940412682384232	1.3385856786927368
1:4397736_A_G_A	1.58031937061748	1.2847713763739161
1:4397910_G_T_T	-1.1657232392366967	-0.3833296729675911
1:4397914_C_A_A	0.7652941800848734	-0.5164869397320424
1:4398015_T_C_C	-0.8931869382593658	-0.32155552932637693
1:4398048_T_G_T	-0.34634691652251437	-0.8222188723130882
1:4398057_C_A_C	1.718197034409373	1.4634069357853434
1:4398059_G_C_G	-0.4834273846903955	0.7916512150897669
1:4398328_G_A_A	1.4816167677651062	-0.8143646087019777
1:4398595_C_T_T	-1.7971417015688476	-0.339721813937718
1:4398696_C_T_T	-0.7888113425541493	1.2929314192042098
1:4398837_T_C_T	0.5059818150137874	-0.26981738132611
1:4398881_T_C_C	-1.4466958010020643	-0.6924134795403445
1:4398996_C_T_C	0.5566884135314716	-1.1160959530763312
1:4399103_G_T_T	0.5630487283190804	0.028390870912645735
1:4400434_G_C_C	-0.008153778878420673	-1.4543946627546274
1:4400529_C_G_C	-0.2319688129820984	-0.49789209431180204
1:4400887_A_C_C	1.5023133357997611	0.8113105042074418
1:4401149_C_T_C	-0.9020994974646319	-0.0649671218691417
1:4401254_G_T_T	0.7359703040499584	-0.9328332197426061
1:4401563_G_A_G	-1.6416983549926871	-1.9682667925117399
1:4401769_G_A_A	-0.4739381502896989	-1.0778088853975896
1:4401778_C_T_T	-0.37763335036413853	-0.31233637572057815
1:4402414_C_G_G	0.9280028098514607	-0.499640573790167
1:4402553_G_A_A	-2.412973751115568	1.6201997059579851
1:4402822_C_G_C	0.571020626385433	-0.36939286377786185
1:4402852_A_G_A	-0.4259273294454829	-1.3470611407760666
1:4402901_T_C_T	0.616591647095262	0.3939671602857915
1:4403005_T_C_C	-0.3726890196470357	-0.08809070516232877
1:4403047_A_G_A	0.9230535541090881	-0.7831543296972121
1:4403685_C_T_C	-0.8167216870377421	0.2728304743594854
1:4403778_A_G_G	-1.076260598500788	-0.3014705000609417
1:4404077_G_A_A	0.7678902704187127	-0.7591265587082953
1:4404078_T_C_C	-0.7839759773076804	-0.5530231378408087
1:4404194_G_A_A	0.5853868467121265	0.8913201677335241
1:4404344_C_T_T	-1.6197996754987112	1.1863807788062757
1:4404639_C_A_A	-1.0502231131987347	-0.1400025700734665
1:4404756_G_T_T	-1.2579640319893877	1.9907395704612838
1:4405152_G_C_G	-0.03058348735361213	-1.4828345955052504
1:4405404_T_A_A	-0.13437459464634813	0.41758718683734847
1:4405507_A_G_A	0.3131074487096084	-1.7358222961876384
1:4405529_G_A_A	0.19931931357911675	-1.3740561904005906
1:4406098_A_G_A	1.1755891293631777	0.5921739337998237
1:4406157_G_A_G	-0.15809801242938473	-0.2480155694535486
1:4406235_T_C_T	0.9585690536188163	-0.005503084582706072
1:4406319_A_G_A	-0.11666064014796983	0.2490020708358949
rs556511_A	1.466744666706607	0.519650512206567
1:4406879_C_A_A	1.341660259946322	0.4200034510156393
1:4407033_C_T_T	-0.48931908945730096	0.42206850018796477
1:4407428_C_A_C	0.5430330629619539	1.6111966621906582
1:4407855_T_C_T	0.6701178723083496	-0.6350586821077598
1:4407985_A_G_G	-0.7155658144434114	0.2173611058882875
1:4408075_G_T_T	0.8710202711574675	-0.3458019539566509
1:4408306_C_T_T	0.7889325223835433	1.5298560141765116
1:4408576_T_G_G	0.16080700204193443	2.0074561646174005
1:4408915_A_C_A	1.035770317969891	-0.005945812288931314
1:4409496_T_C_C	-2.59726217806579	0.6031131254052113
1:4410179_C_T_T	0.5625389878025882	0.5882113730052889
1:4410211_C_G_C	-0.1006591765414499	-1.0067521262408383
1:4410286_C_A_A	0.25445184978326646	0.2652946299117844
1:4411306_G_A_A	0.8282792943656114	2.015499945794496
1:4411347_T_C_T	-0.1839071510729642	-0.12428546046710494
1:4411851_T_C_T	-0.8480741108980201	-0.6906149143985043
1:4412087_C_T_T	-1.121295935671927	0.8159912328428888
1:4412100_A_C_C	-0.03518004581694378	-0.9104073580880019
1:4412458_G_A_A	-0.0070562966540555355	0.4722341855704844
1:4413024_G_T_T	-0.6724455001632209	0.6756163272645077
1:4413446_C_T_T	-1.4421110660127445	1.588473430318012
1:4413801_G_A_G	-0.3173127824662861	0.16053281929512056
1:4414009_T_G_T	0.47110571907475984	-0.685482074816754
1:4414033_T_C_T	1.285041133835626	0.7568650516956814
1:4414045_A_G_G	-0.15825213948554256	-0.05261710778381762
1:4414086_G_A_A	-0.47242743438854556	0.06046465652721816
1:4414154_G_A_A	1.327140756264697	-1.280287078229925
1:4414693_A_G_G	3.0004526968934413	-0.31633879684592164
1:4414716_C_A_C	-2.1751943848969773	-1.871378402480784
1:4414824_G_A_A	0.663336982136324	0.9079295735688308
1:4414938_C_A_A	0.4551614821109669	-1.1916012923675374
1:4415110_C_T_C	-0.020420098952004827	0.43416870995192425
1:4415130_A_G_A	-0.6455735823942169	0.28025220675788315
1:4415431_A_G_A	-0.15672861410150407	-0.20593254623298732
1:4415462_G_A_G	-1.172694349451819	-0.8512101487983295
1:4415502_A_T_T	1.486562611131421	0.9175914063539334
1:4415584_T_C_T	0.5871843095185609	0.3092232499500169
1:4416030_T_C_T	0.3094552382976139	-0.3144763636487354
1:4416102_G_A_A	-0.8165904238383523	-0.8309475470426531
1:4417734_G_A_G	0.9922935215592236	0.1899753757401037
1:4417946_T_C_C	1.4306278585566308	-1.1953382085350874
1:4417961_C_T_C	0.6880419653573296	-1.7345822320430877
1:4418164_G_A_A	0.8072253665167922	-0.8303955645431238
1:4418319_C_T_T	0.22141728244067396	-1.0245835521196547
1:4419071_G_A_G	-1.1102903135726159	-0.19493488576382512
1:4419820_A_C_C	0.09932401066399528	-1.6227254809605822
1:4419905_A_T_A	0.9647484648316597	-0.2632652922918804
1:4419954_G_A_A	-0.4554968365700636	-0.08132573374761862
1:4419997_C_T_T	0.13170103022003302	-0.8415108629701268
1:4420408_G_T_G	3.4291338060181964	-0.5010204374567995
1:4421811_A_T_A	0.6818240318060634	0.14317273996677993
1:4422006_G_A_A	0.5803912045572315	-1.4253692193758
1:4422146_C_T_C	0.28771626963003366	1.4070063908715666
1:4422170_C_T_T	-0.12996120999169555	-1.6847951270222825
1:4422230_A_G_A	-0.4087812493025243	1.0742891553455987
1:4422678_C_G_G	0.6189231048130404	1.1408327645144032
1:4422683_A_G_G	0.20803726306331907	-0.5998321191999776
1:4422749_A_G_G	-0.11612537911133687	0.2578251706552397
1:4422879_T_C_C	0.6280923499866939	0.9356623980336549
1:4423056_G_A_G	-0.8742473955863986	0.037656284099538744
1:4423578_A_G_A	0.5323333172613166	0.9584482119052792
1:4423630_G_A_G	1.0257214028729302	-1.3745061369617426
1:4423897_G_A_G	-0.539950784536289	-0.2713160140329914
1:4424068_C_T_C	-0.7169194308702207	0.4060377269160264
1:4424115_A_G_G	1.1088565961983834	-1.0716032632009256
1:4424145_G_A_A	0.26806071359463957	-0.37614421182222674
1:4424202_A_G_G	-1.2649886092858873	-0.7722562157596172
1:4424242_A_T_A	1.058132433401429	0.3470148794663919
1:4424766_A_G_G	-1.3441235414128823	0.9278128784718043
1:4424833_G_A_G	-0.18649043595363887	0.4824333362443249
1:4425079_C_A_A	0.2492235945842115	-0.24258362355967786
1:4425255_T_G_T	0.03584241177694492	1.2209180307224912
1:4425414_C_T_C	0.49411265984259745	1.4210082200250747
1:4425648_A_G_A	-1.4309008423311589	1.674498192820017
1:4425712_C_T_T	0.2954490617505254	-0.8659983990855457
1:4425723_G_A_G	-0.8282595998184668	-1.7168863942715444
1:4425847_A_G_G	1.3092584598988286	1.0161613704907042
1:4426027_G_C_G	0.14869057085987322	0.020028226858309052
1:4426085_C_T_C	-1.8661190228026543	0.7898171726380467
1:4426418_G_A_G	-0.2200341261556809	1.6438811698675098
1:4426478_A_C_A	-0.49145162593067837	-0.9231909981144739
1:4429462_A_G_G	-0.665299038001091	0.17453007876114848
1:4431264_A_C_C	1.4550918425444659	0.43035311363231976
1:4431298_G_A_A	0.2720962450583451	-0.2505613443454924
1:4431623_T_C_C	-0.4074997018920594	-0.5925275340365938
1:4433852_T_C_C	-0.18844807057725968	0.28048844927749284
1:4436021_A_C_A	0.3412637129727602	0.3830714468046487
1:4436196_T_G_G	0.5321656471435282	1.264041416059309
1:4438509_A_G_A	2.199288787149389	0.2182146947328778
1:4440749_C_T_T	0.5092830170696079	0.509028559908478
1:4444539_G_T_G	-2.8939434344524315	0.279871090517311
1:4454180_G_A_A	1.3925364505443345	-1.9874324903948737
1:4475911_G_T_T	-0.4868459972344284	-1.4394378504353949
1:4477392_T_A_T	0.8191847083023374	-0.017063320316941556
rs10915531_G	-1.3279245091559433	-0.6644124233585834
1:4481215_C_T_C	-0.5348725705345572	-0.38869964609225216
1:4481632_G_A_G	-1.1475710371623549	-2.1242150527640447
1:4482610_G_C_C	-1.741754218721505	-0.601231485791925
1:4487509_G_A_G	1.784517983729985	-0.12109468813508953
1:4488979_G_A_G	-2.0319154620495747	-0.8636166146866122
1:4489345_C_T_C	0.538520733637498	0.06477050604877434
1:4489398_T_C_C	0.2547366175158631	-1.2238932456788638
1:4489599_T_C_T	0.9279581306426515	-0.5433403283342707
1:4490621_T_C_T	-0.7728341625424875	0.8536314495892703
rs10915534_T	1.4307516572428385	-1.513609296164426
1:4491460_G_T_T	-0.572302512674308	0.23978704662935463
1:4492001_T_A_T	-0.484536510200693	-0.189675312770003
1:4492098_T_C_C	-1.2477289878745814	-0.7433288994205162
1:4492366_G_A_G	0.3754759811732495	-0.08255044264759649
1:4492424_C_T_C	0.9632524221613085	0.8702204388711116
1:4492748_T_C_T	2.1615329936238314	0.5858070957990116
1:4492862_G_A_A	2.9889108438162033	0.5770504009968062
1:4492887_T_G_G	0.9595837792887054	-0.18181049215372766
1:4492980_C_A_C	-0.2203534805905097	-1.1702296418958937
1:4493009_T_A_A	-0.9957912553533841	-1.356533494114453
1:4493215_A_G_G	-0.888997207624469	0.38674657376784927
1:4495724_T_C_T	-1.2871452879186096	-0.8786305213555744
1:4495760_A_G_A	0.9979000337144861	0.40027549761442544
1:4495765_C_T_T	-0.9800341698592802	-0.748446654804686
1:4495774_T_C_T	-0.061163997096532675	0.6420966445204318
1:4496114_T_C_C	1.308118746719007	-1.0248554392838114
1:4496224_A_C_A	-0.21787929535633815	0.37150567548505614
1:4496256_C_T_T	0.860035563189066	-1.011645502854258
1:4496659_C_T_T	-1.0608272390895666	-0.48177086427031135
1:4497097_G_A_A	0.5469046378270147	-1.5322066326808426
1:4497118_C_T_C	2.168439708198709	0.10333247011609159
1:4497217_C_T_T	0.057387747072296005	-0.7447554747706864
